Category,Applications_StdDev,Applications_Mean,Blogs_StdDev,Blogs_Mean,Conversations_StdDev,Conversations_Mean,Emails_StdDev,Emails_Mean,Facebook_StdDev,Facebook_Mean,Movies_StdDev,Movies_Mean,Novels_StdDev,Novels_Mean,NYT_StdDev,NYT_Mean,Reddit_StdDev,Reddit_Mean,Short Stories_StdDev,Short Stories_Mean,SOC_StdDev,SOC_Mean,Speeches_StdDev,Speeches_Mean,TAT_StdDev,TAT_Mean,Tweets_StdDev,Tweets_Mean,Yelp_StdDev,Yelp_Mean,Total_StdDev,Total_Mean
WC,1505.75,500.64,2144.48,1919.63,586.39,510.42,315.74,376.35,2195.11,2033.87,6632.95,2458.85,5702.7,188.74,744.12,493.69,1750.89,1944.53,2977.41,2210.97,656.25,256.09,950.09,1241.2,326.34,62.76,4442.09,2858.25,99.25,1.33,2128.35,2777.63
Analytic,81.78,9.9,38.7,23.2,9.46,8.21,75.97,20.06,47.06,18.22,16.89,13.18,56.15,17.66,87.62,12.41,35.21,16.03,60.28,19.03,14.05,12.18,75.93,17.7,55.98,22.5,42.86,27.48,44.67,24.62,49.52,29.92
Clout,33.95,13,29.99,23.45,38.41,23.27,56.54,25.75,38.74,22.03,77.73,11.46,66.23,15.49,53.9,17.59,31.4,19.14,65.69,24.48,6.48,10.03,55.1,21.54,77.38,18.43,49.1,28.36,40.68,32.54,48.43,28.62
Authentic,55.84,15.33,68.08,23.5,69.56,19.97,36.72,23.97,62.38,22.58,58.51,14.51,32.02,18.76,28.9,19.61,61.74,20.09,39.78,27.47,87.66,14.32,29.97,17.9,19.18,22.17,52.33,25.58,60.97,30.46,50.91,28.29
Tone,72.34,13.43,44.99,20.48,58.63,27.54,45.55,23.2,67.91,24.73,44.76,18.29,31.41,13.17,37.08,22.3,33.53,19.07,27.69,14.66,41.19,21.65,47.63,25.46,39.04,25.87,68,26.36,57.58,33.48,47.81,26.39
WPS,21.8,18.21,14.27,6.03,21.51,99.5,20.8,8.53,12.17,10.73,7.71,22.31,17.25,6.26,19.88,6.21,14.63,6.77,15.92,40.94,24.45,66.53,20.72,5.45,17.34,5.46,30.79,100.62,14.29,8.5,18.24,43.09
BigWords,29.83,4.63,14.19,4.21,9.76,2.46,21.63,6.42,13.72,2.87,11.07,2.63,16.31,2.84,24.77,4.54,15.38,2.81,15.54,3.27,12.6,2.73,24.26,5.53,17.55,4.15,15.98,5.63,14.34,4.45,17.13,6.8
Dic,87.7,2.67,88.3,6.36,93.52,2.5,87.78,4.99,84.23,7.93,89.31,3.82,86.85,2.96,80.34,5.61,89.68,3.21,86.06,3.5,94.5,2.66,87.13,4.29,89.53,4.12,83.53,7.54,90.72,3.95,88.04,5.83
Linguistic,63.09,4.59,71.51,7.28,80.41,3.82,64.54,7.93,65.53,7.63,74.08,4.28,71.99,3.37,58.79,6.41,72.19,4.01,70.23,4.09,79.65,3.73,65.16,6.53,72,4.61,63.69,9.59,72.66,5.22,69.7,8.32
function,49.08,4.43,56.62,6.52,60.78,4.05,52.42,7.05,48.18,6.94,57.78,3.68,58.33,3.01,46.75,5.33,57.02,3.55,55.71,3.65,63.65,3.89,52.97,6.02,57.54,4.21,47.45,8.39,57.42,4.72,54.78,7.21
pronoun,11.05,2.45,16.28,4.03,21.55,2.71,10.5,4.31,13.93,3.49,21.71,2.79,15.44,2.55,7.65,3.2,16.18,2.64,15.66,3.27,20.8,2.93,11.75,3.66,14.06,3.76,15.38,5.17,14.12,4.36,15.07,5.24
ppron,8.25,1.89,11.04,3.35,14.21,2.27,6.51,3.66,9.82,2.88,15.46,2.42,10.98,2.32,4.15,2.65,10.43,2.46,11.55,2.98,14.2,2.72,6.42,2.57,9.77,3.4,11.1,4.16,9.77,3.89,10.24,4.2
i,5.93,1.47,6.27,2.98,7.48,2.06,1.85,1.99,5.44,2.26,5.74,1.49,2.67,1.7,0.67,1.22,5.24,2.15,3.22,2.89,10.75,2.58,2.25,1.37,0.74,1.89,5.49,3.57,4.77,3.35,4.57,3.49
we,0.31,0.32,0.91,0.83,0.75,0.65,1.44,1.43,0.61,0.53,1.44,0.66,0.59,0.6,0.38,0.57,0.54,0.53,0.74,0.96,0.53,0.69,1.95,1.44,0.23,0.73,0.97,1.02,1.68,2.36,0.87,1.14
you,0.12,0.18,1.34,1.32,3.94,1.54,2.09,1.97,2.37,1.4,5.26,1.36,1.43,0.76,0.36,0.64,2.02,1.16,1.2,1.37,0.49,0.59,0.26,0.51,0.31,0.7,3.06,1.62,0.91,1.44,1.67,1.88
shehe,0.89,0.79,1.56,1.47,1.12,1.19,0.41,0.96,0.69,0.68,2.02,0.87,5.02,1.81,1.64,1.62,1.36,1.26,5.19,2.8,1.55,1.5,0.69,1.28,6.42,4.07,0.84,0.71,0.86,1.65,2.02,2.53
they,0.81,0.53,0.71,0.58,0.78,0.67,0.55,0.87,0.44,0.39,0.75,0.45,0.97,0.57,0.7,0.61,1.04,0.71,1,0.75,0.7,0.6,0.96,0.92,1.85,2.34,0.54,0.39,1.45,1.68,0.88,1.02
ipron,2.8,0.98,5.24,1.56,7.34,1.81,3.99,1.91,4.1,1.27,6.25,1.08,4.46,0.88,3.5,1.46,5.75,1.43,4.11,1.19,6.6,1.66,5.33,2.03,4.29,1.75,4.29,1.58,4.35,2.3,4.83,1.97
det,14.12,1.78,13.83,2.37,12.11,2.2,14.48,3.22,11.75,2.18,13.19,1.44,16.29,1.43,15.53,2.12,14.32,1.7,16.31,1.65,13.52,2.08,16.7,2.72,16.95,2.58,11.51,2.63,15.06,3.25,14.38,2.86
article,7.42,1.2,6.06,1.89,4.25,1.25,7.67,2.64,5.15,1.4,5.51,1.2,8.2,1.53,9.26,1.83,6.61,1.38,8.41,1.75,4.5,1.35,8.58,1.98,8.15,2.41,4.62,1.73,8,2.78,6.83,2.44
number,0.9,0.52,2.03,1.72,1.78,1.12,6.17,5.37,2.72,1.82,1.35,1.91,0.99,0.39,3.24,2.91,1.88,0.98,1.12,0.55,1.21,0.82,2.44,3.18,1.21,0.89,2.49,2,2.11,2.1,2.14,2.63
prep,15.51,1.28,12.84,2.04,10.39,1.9,16.04,2.95,11.13,2.21,10.6,1.31,14.33,1.23,14.63,1.8,12.41,1.64,13.8,1.45,12.53,1.79,15.13,2.01,13.87,2.06,10.78,2.87,12.16,3.3,13.08,2.74
auxverb,5.07,1.45,8.99,1.92,12.42,1.94,8.07,2.52,8.26,1.8,11.99,1.81,7.9,1.36,5.72,1.78,9.42,1.61,6.84,1.71,11.3,1.71,7.33,2.5,8.9,2.31,7.97,2.51,9.41,2.8,8.64,2.87
adverb,2.94,0.91,6.34,1.68,7.81,1.88,2.97,1.68,5.11,1.43,5.93,0.96,4.87,0.83,3.23,1.44,6.55,1.53,4.74,1.12,8.17,1.78,3.38,1.45,5.03,1.7,5.1,1.83,6.21,2.68,5.22,2.25
conj,7.23,0.95,6.74,1.46,5.94,1.73,6.19,2.06,4.88,1.39,3.97,0.9,6.95,1.17,5.45,1.34,6.76,1.25,6.29,1.31,7.1,1.69,5.5,1.35,6.96,1.64,4.24,1.44,7.51,2.33,6.11,1.85
negate,0.44,0.29,1.8,0.79,2.58,1.08,0.97,0.85,1.7,0.71,2.95,0.75,1.64,0.49,0.77,0.55,2.21,0.81,1.23,0.63,2.31,0.83,1,0.81,1.3,0.81,1.92,1.02,1.68,1.44,1.63,1.07
verb,12.71,2.14,17.78,3.17,21.83,3.26,14.54,3.83,16.8,3.02,22.37,2.75,16.07,2.36,11.51,2.96,17.79,2.11,15.9,2.69,21.93,2.77,13.55,3.83,17.87,3.02,16.33,3.8,17.46,3.75,16.98,4.41
adj,6.38,0.98,5.95,1.15,5.93,1.83,4.75,2.07,6.23,1.43,5.11,0.89,5.83,0.84,5.93,1.61,6.56,1.31,5.73,1.1,6.07,1.47,5.59,1.71,5.73,1.65,6.48,2.11,7.22,3,5.97,1.74
quantity,3.24,0.82,4.28,1.14,4.02,1.62,3.93,2.34,3.98,1.25,3.46,0.71,3.91,0.77,4.59,2.11,4.44,1.25,3.86,1.02,4.42,1.35,4.18,2.93,4.07,1.56,3.44,1.13,4.61,2.65,4.03,1.7
Drives,6.09,1.28,3.81,1.55,2.47,1.15,4.92,2.58,3.52,1.28,4.6,1.32,3.62,1.07,5.41,2.63,3.68,1.3,3.24,1.42,3.03,1.37,7.98,2.62,4.51,2.19,4.74,2.32,4.11,3.09,4.38,2.34
affiliation,2.14,0.79,1.93,1.12,1.49,0.91,2.15,1.71,1.72,0.92,2.53,0.81,1.43,0.7,1.41,1.05,1.53,0.9,1.69,1.25,1.69,1.16,3.22,1.75,1.39,1.36,2.31,1.47,2.48,2.8,1.94,1.44
achieve,2.85,0.81,1,0.55,0.67,0.55,1.21,1.19,1.13,0.64,0.75,0.3,0.66,0.22,1.34,1.02,1.08,0.62,0.64,0.32,0.95,0.61,1.53,1.08,2.24,1.38,1.29,1.19,0.96,1.1,1.22,1.03
power,1.24,0.49,0.93,0.82,0.33,0.39,1.65,1.51,0.74,0.54,1.37,0.87,1.59,0.76,2.85,2.3,1.13,0.77,0.95,0.62,0.42,0.42,3.21,1.86,0.99,0.91,1.22,1.15,0.7,1.08,1.29,1.35
Cognition,9.81,1.75,12.84,3.11,13.86,2.72,12.11,4.26,10.65,2.76,12.59,1.93,11.4,2.05,8.63,3.15,14.23,2.73,10.1,2.56,16.6,3.05,9.87,3.03,12.6,3.46,10.25,3.24,10.83,3.92,11.76,3.61
allnone,0.58,0.34,1.45,0.68,2.03,1.13,0.68,0.77,1.72,0.68,2.17,0.51,1.36,0.34,0.58,0.51,1.59,0.71,1.32,0.51,1.61,0.77,0.78,0.69,1.33,0.93,1.62,0.83,1.38,1.39,1.35,0.91
cogproc,9.19,1.61,11.3,2.84,11.72,2.56,11.4,4.13,8.86,2.45,10.33,1.73,9.97,1.9,7.95,2.96,12.55,2.6,8.7,2.31,14.89,2.87,9,2.87,11.17,3.28,8.58,2.84,9.35,3.67,10.33,3.31
insight,2.77,0.73,2.55,1.03,2.56,1.01,2.59,1.56,1.98,0.83,2.5,0.59,2.2,0.57,1.54,0.99,2.54,0.96,2.05,0.72,3.63,1.33,1.74,0.99,2.87,1.35,1.85,0.84,1.53,1.34,2.31,1.16
cause,1.64,0.49,1.37,0.56,1.43,0.75,1.58,1.17,1.11,0.52,1.26,0.34,0.94,0.24,1.26,0.73,1.69,0.69,0.91,0.39,1.71,0.73,1.47,0.8,1.74,1.06,1.18,0.6,1.07,1.13,1.36,0.78
discrep,1.22,0.49,1.83,0.71,1.79,0.86,1.86,1.28,1.9,0.74,2.18,0.49,1.53,0.45,0.94,0.68,1.78,0.68,1.43,0.61,2.74,1.12,1.58,0.93,1.77,1.03,1.81,0.79,1.51,1.34,1.73,0.94
tentat,0.97,0.46,2.43,0.94,2.76,1.23,2.87,1.99,1.91,0.84,1.88,0.49,2.12,0.54,1.43,0.92,2.84,1,1.79,0.7,3.45,1.33,1.3,0.87,1.83,1.34,1.51,0.69,1.84,1.65,2.06,1.27
certitude,0.28,0.21,0.73,0.42,1.05,0.74,0.31,0.57,0.48,0.32,0.63,0.32,0.6,0.27,0.3,0.36,0.89,0.59,0.45,0.31,1.13,0.7,0.55,0.51,0.5,0.55,0.59,0.41,0.76,1.05,0.62,0.59
differ,2.22,0.6,3.48,0.99,3.61,1.14,3.48,2,2.53,0.91,2.83,0.56,3.43,0.67,2.81,1.2,4.1,1.17,2.73,0.85,4.08,1.14,2.74,1.33,2.93,1.36,2.46,1.05,3.41,2.1,3.12,1.34
memory,0.07,0.09,0.11,0.14,0.1,0.18,0.05,0.19,0.11,0.14,0.13,0.09,0.1,0.07,0.04,0.12,0.13,0.17,0.15,0.19,0.1,0.16,0.06,0.16,0.07,0.18,0.12,0.12,0.06,0.29,0.09,0.17
Affect,4.96,1,5.54,1.64,5.49,2.55,2.74,1.82,8.82,2.47,5.72,1.11,4.84,0.97,3.79,1.67,5.73,1.7,4.13,1.08,5.44,1.6,4.27,2,4.61,1.67,8.96,4.48,5.21,2.73,5.35,2.63
tone_pos,4.13,0.92,3.39,1.16,4.01,2.45,2.2,1.61,5.93,2.24,3.41,0.97,2.71,0.71,2.33,1.25,2.92,1.19,2.18,0.79,3.26,1.19,3.01,1.67,2.79,1.47,6.05,4.52,3.96,2.78,3.49,2.24
tone_neg,0.67,0.42,1.76,0.93,1.07,0.73,0.5,0.79,2.34,1.14,1.81,0.58,1.98,0.6,1.38,1.25,2.1,0.94,1.75,0.71,1.93,1.03,1.2,1.21,1.68,1.1,1.85,1.07,1.1,1.33,1.54,1.09
emotion,1.16,0.49,2.12,1.08,2.26,1.7,0.69,0.87,4.4,2.11,1.59,0.57,1.84,0.57,0.8,0.68,1.8,0.87,1.49,0.64,2.52,1.04,0.85,0.74,1.74,1.04,3.02,2.13,1.95,1.58,1.88,1.51
emo_pos,0.68,0.33,1.17,0.71,1.59,1.52,0.48,0.73,2.94,1.73,0.91,0.46,0.81,0.32,0.35,0.42,0.88,0.61,0.67,0.39,1.26,0.71,0.51,0.59,0.82,0.71,2.03,1.96,1.37,1.39,1.1,1.19
emo_neg,0.29,0.25,0.81,0.59,0.49,0.46,0.17,0.42,1.29,0.89,0.58,0.23,0.88,0.35,0.38,0.44,0.79,0.53,0.73,0.41,1.12,0.75,0.27,0.43,0.78,0.68,0.76,0.56,0.47,0.78,0.65,0.63
emo_anx,0.09,0.12,0.14,0.19,0.07,0.15,0.03,0.12,0.11,0.14,0.16,0.1,0.21,0.11,0.08,0.15,0.14,0.19,0.18,0.17,0.28,0.36,0.05,0.17,0.26,0.37,0.1,0.11,0.04,0.21,0.13,0.21
emo_anger,0.02,0.06,0.18,0.26,0.11,0.2,0.04,0.15,0.22,0.23,0.1,0.08,0.19,0.12,0.11,0.24,0.19,0.25,0.14,0.15,0.24,0.3,0.05,0.15,0.16,0.31,0.18,0.2,0.09,0.34,0.13,0.23
emo_sad,0.04,0.07,0.15,0.23,0.06,0.15,0.04,0.26,0.39,0.51,0.08,0.08,0.19,0.13,0.06,0.15,0.14,0.23,0.14,0.14,0.15,0.23,0.06,0.16,0.12,0.24,0.17,0.23,0.11,0.34,0.13,0.25
swear,0,0.01,0.33,0.53,0.29,0.52,0.02,0.17,0.52,0.72,0.49,0.63,0.04,0.09,0.02,0.09,0.71,0.67,0.13,0.21,0.17,0.35,0.01,0.06,0.03,0.15,1.08,1.42,0.06,0.28,0.26,0.62
Social,12.03,2.01,10.5,3.27,11.32,2.92,11.34,4.22,10.64,3.2,16.89,2.35,14.59,2.69,10.09,3.69,11.38,2.98,13.94,3.58,8.58,2.91,11.06,3.56,14.98,4.38,13.76,4.83,10.12,5.18,12.16,4.21
socbehav,4.98,1.08,3.48,1.21,2.74,1.26,5.14,2.52,3.66,1.25,4.5,0.97,4.16,1.06,3.9,1.93,3.56,1.26,3.39,1.17,2.81,1.05,4.43,1.81,2.79,1.38,5.15,3.99,3.24,2.28,3.94,2.01
prosocial,2.39,0.72,0.44,0.35,0.33,0.37,0.96,0.96,0.69,0.58,0.8,0.32,0.4,0.17,0.54,0.54,0.47,0.45,0.32,0.23,0.29,0.3,1.13,0.95,0.54,0.57,1.17,0.97,0.54,0.85,0.73,0.81
polite,0.12,0.13,0.21,0.24,0.38,0.4,0.63,0.76,0.54,0.51,0.94,0.55,0.37,0.31,0.08,0.22,0.21,0.28,0.18,0.22,0.08,0.17,0.43,0.61,0.19,0.41,1.17,3.74,0.27,0.59,0.47,1.14
conflict,0.06,0.08,0.23,0.26,0.09,0.18,0.13,0.35,0.22,0.23,0.33,0.27,0.29,0.19,0.41,0.67,0.35,0.35,0.23,0.21,0.15,0.21,0.34,0.5,0.22,0.36,0.27,0.25,0.13,0.41,0.23,0.35
moral,0.12,0.13,0.28,0.26,0.11,0.2,0.07,0.23,0.27,0.25,0.32,0.18,0.37,0.21,0.3,0.47,0.36,0.36,0.21,0.18,0.19,0.24,0.4,0.6,0.23,0.34,0.4,0.4,0.2,0.47,0.26,0.34
comm,0.89,0.45,1.58,0.75,1.58,0.93,2.76,1.97,1.35,0.68,1.83,0.5,1.98,0.65,1.81,1.18,1.58,0.78,1.79,0.9,1.43,0.83,1.4,1.09,0.99,0.9,1.78,0.97,1.31,1.56,1.6,1.1
socrefs,6.87,1.48,6.82,2.5,8.49,2.33,6.07,3.11,6.73,2.4,12.48,1.91,10.39,2.04,5.95,2.75,7.67,2.35,10.46,3.05,5.46,2.4,6.52,3.01,12.09,3.92,8.51,2.66,6.86,3.97,8.17,3.53
family,0.38,0.32,0.43,0.51,0.3,0.44,0.07,0.26,0.52,0.55,0.69,0.49,0.44,0.41,0.33,0.72,0.48,0.5,0.64,0.76,0.38,0.5,0.32,0.69,0.49,0.94,0.52,0.87,0.3,0.75,0.42,0.63
friend,0.06,0.09,0.2,0.26,0.24,0.34,0.03,0.17,0.28,0.31,0.17,0.16,0.12,0.11,0.06,0.16,0.24,0.28,0.1,0.14,0.45,0.43,0.04,0.12,0.14,0.36,0.3,0.29,0.16,0.47,0.17,0.29
female,0.67,0.68,0.92,1.1,0.75,0.85,0.13,0.5,0.72,0.7,1.21,0.79,2.21,1.73,0.71,1.28,0.93,1.01,2.66,2.48,1.03,1.17,0.33,0.93,6.56,3.93,0.79,0.63,0.77,1.6,1.39,2.22
male,0.57,0.67,1.38,1.28,1.07,1.05,0.39,0.9,0.88,0.69,2.35,0.95,4.11,1.53,1.48,1.54,1.37,1.13,3.7,2.39,1.26,1.35,0.85,1.41,1.11,1.89,1.23,0.96,0.76,1.46,1.55,1.76
Culture,0.37,0.3,0.93,1,0.43,0.52,1.07,1.28,0.58,0.55,0.44,0.45,0.31,0.34,2.18,2.24,0.88,0.71,0.39,0.38,0.4,0.42,3.06,2.01,0.19,0.47,0.89,1.25,0.48,0.88,0.85,1.3
politic,0.16,0.19,0.29,0.72,0.08,0.2,0.25,0.63,0.11,0.26,0.17,0.32,0.15,0.23,1.29,1.9,0.26,0.45,0.09,0.19,0.03,0.12,2.55,1.8,0.08,0.29,0.42,0.92,0.02,0.19,0.4,1.04
ethnicity,0.06,0.11,0.13,0.28,0.11,0.3,0.05,0.23,0.11,0.19,0.11,0.16,0.11,0.16,0.43,0.7,0.18,0.32,0.08,0.14,0.05,0.13,0.33,0.69,0.03,0.13,0.16,0.32,0.2,0.6,0.14,0.37
tech,0.15,0.19,0.52,0.57,0.23,0.36,0.77,1.11,0.36,0.39,0.16,0.18,0.06,0.11,0.46,0.91,0.44,0.44,0.21,0.27,0.32,0.39,0.19,0.46,0.09,0.26,0.32,0.69,0.26,0.68,0.3,0.57
Lifestyle,7.79,1.78,3.37,1.71,4.18,2.03,6.16,3.55,3.75,1.62,2.45,0.77,1.92,0.73,5.94,3.16,3.54,1.5,2.42,1.11,4,1.68,5.95,2.97,4.89,2.56,3.88,2.6,3.83,2.77,4.27,2.7
leisure,0.47,0.45,0.81,0.67,0.85,0.87,0.31,0.76,1.19,0.8,0.5,0.45,0.26,0.19,1.07,1.41,0.87,0.71,0.43,0.37,0.83,0.78,0.19,0.53,0.14,0.35,0.98,0.78,0.71,1.23,0.64,0.83
home,0.55,0.38,0.38,0.39,0.39,0.44,0.12,0.41,0.47,0.39,0.31,0.19,0.4,0.27,0.33,0.57,0.3,0.34,0.63,0.53,0.6,0.53,0.27,0.41,0.28,0.41,0.26,0.43,0.52,1.13,0.39,0.52
work,6.37,1.64,1.48,1.27,2.47,1.76,4.17,2.82,1.28,0.98,0.94,0.46,0.73,0.42,3.39,2.45,1.56,1.11,0.86,0.69,2.23,1.34,4.02,2.49,4.22,2.53,1.7,2.3,1.71,1.77,2.48,2.37
money,0.41,0.33,0.47,0.63,0.42,0.48,2.26,2.58,0.36,0.4,0.42,0.3,0.34,0.28,1.36,2.01,0.66,0.68,0.35,0.37,0.28,0.36,1.66,1.77,0.22,0.37,0.54,0.74,1.07,1.48,0.72,1.25
relig,0.11,0.16,0.34,0.65,0.16,0.29,0.03,0.16,0.54,0.68,0.37,0.39,0.29,0.33,0.23,0.65,0.27,0.39,0.23,0.35,0.16,0.34,0.14,0.61,0.07,0.26,0.53,1.16,0.05,0.25,0.23,0.53
Physical,5.85,1.66,1.93,1.21,1.19,0.91,0.44,1.03,2.63,1.21,2.13,0.88,2.12,0.71,1.58,2.03,2.76,1.54,3.35,1.4,1.72,1.27,1.19,1.71,2.42,1.96,2.17,1.23,4.75,4.15,2.41,2.18
health,4.62,1.54,0.4,0.45,0.23,0.36,0.11,0.49,0.58,0.44,0.37,0.52,0.28,0.2,0.51,1.23,0.62,0.71,0.42,0.39,0.44,0.5,0.66,1.37,1.01,1.39,0.45,0.58,0.25,0.81,0.73,1.35
illness,0.92,0.51,0.12,0.17,0.05,0.14,0.04,0.26,0.23,0.26,0.11,0.11,0.08,0.08,0.16,0.58,0.18,0.33,0.13,0.2,0.1,0.22,0.14,0.55,0.52,0.85,0.12,0.21,0.05,0.37,0.2,0.44
wellness,0.19,0.27,0.04,0.17,0.03,0.13,0.01,0.08,0.05,0.11,0.02,0.04,0.02,0.03,0.04,0.18,0.06,0.16,0.02,0.06,0.03,0.1,0.03,0.12,0.02,0.11,0.05,0.1,0.07,0.4,0.05,0.17
mental,0.09,0.19,0.04,0.09,0.02,0.08,0,0.06,0.04,0.09,0.02,0.07,0.01,0.02,0.03,0.14,0.09,0.22,0.02,0.06,0.04,0.12,0.03,0.25,0.03,0.15,0.04,0.08,0,0.06,0.03,0.13
substances,0.01,0.05,0.06,0.18,0.03,0.12,0.02,0.17,0.08,0.19,0.06,0.08,0.04,0.06,0.05,0.29,0.1,0.2,0.09,0.15,0.03,0.1,0.03,0.24,0.03,0.22,0.08,0.23,0.14,0.53,0.06,0.22
sexual,0.03,0.09,0.11,0.29,0.05,0.19,0.01,0.2,0.09,0.19,0.11,0.18,0.04,0.08,0.08,0.29,0.29,0.46,0.07,0.12,0.05,0.21,0.06,0.37,0.06,0.26,0.13,0.23,0.02,0.16,0.08,0.25
food,0.35,0.35,0.47,0.67,0.36,0.55,0.14,0.66,0.73,0.65,0.49,0.31,0.31,0.26,0.42,1.28,0.73,0.8,0.62,0.59,0.42,0.63,0.1,0.37,0.24,0.6,0.61,0.68,4.06,4.16,0.67,1.55
death,0.05,0.11,0.11,0.17,0.05,0.14,0.02,0.11,0.18,0.22,0.34,0.33,0.19,0.17,0.18,0.43,0.23,0.28,0.24,0.3,0.07,0.19,0.13,0.37,0.21,0.42,0.17,0.26,0.03,0.18,0.15,0.28
need,0.67,0.33,0.52,0.36,0.61,0.6,0.6,0.74,0.49,0.35,0.56,0.2,0.28,0.13,0.27,0.35,0.45,0.39,0.34,0.25,0.84,0.69,0.6,0.6,0.44,0.55,0.48,0.32,0.5,0.93,0.51,0.52
want,0.35,0.23,0.45,0.35,0.49,0.41,0.24,0.39,0.6,0.37,0.55,0.22,0.25,0.13,0.14,0.2,0.31,0.29,0.26,0.2,0.8,0.59,0.28,0.36,0.43,0.48,0.49,0.39,0.25,0.56,0.39,0.41
acquire,0.68,0.3,0.92,0.45,1.09,0.68,0.82,0.74,0.97,0.51,1.29,0.47,0.58,0.22,0.52,0.43,0.96,0.49,0.7,0.34,0.99,0.54,0.46,0.45,0.83,0.61,0.87,0.49,0.99,1.12,0.84,0.6
lack,0.11,0.15,0.14,0.17,0.16,0.32,0.11,0.36,0.1,0.15,0.14,0.09,0.11,0.07,0.08,0.18,0.16,0.22,0.12,0.13,0.23,0.32,0.17,0.3,0.1,0.27,0.08,0.11,0.2,0.61,0.13,0.27
fulfill,0.2,0.15,0.14,0.14,0.07,0.13,0.17,0.35,0.12,0.14,0.11,0.09,0.18,0.08,0.12,0.18,0.15,0.19,0.16,0.12,0.12,0.17,0.14,0.23,0.18,0.26,0.11,0.29,0.2,0.48,0.14,0.23
fatigue,0.01,0.03,0.13,0.18,0.07,0.17,0.01,0.06,0.26,0.38,0.06,0.06,0.06,0.05,0.01,0.05,0.06,0.13,0.07,0.08,0.18,0.34,0.01,0.12,0.07,0.24,0.08,0.12,0.04,0.25,0.07,0.2
reward,0.49,0.27,0.11,0.16,0.05,0.13,0.26,0.51,0.15,0.24,0.09,0.1,0.12,0.08,0.34,0.57,0.12,0.19,0.08,0.1,0.09,0.17,0.27,0.39,0.26,0.41,0.26,0.54,0.06,0.31,0.18,0.34
risk,0.22,0.19,0.2,0.2,0.1,0.19,0.24,0.47,0.21,0.23,0.28,0.15,0.31,0.14,0.33,0.44,0.24,0.27,0.25,0.18,0.13,0.18,0.55,0.66,0.24,0.35,0.22,0.25,0.13,0.4,0.24,0.34
curiosity,0.51,0.31,0.34,0.27,0.33,0.38,0.22,0.43,0.26,0.26,0.21,0.16,0.28,0.13,0.29,0.41,0.33,0.35,0.28,0.21,0.58,0.49,0.24,0.43,0.98,0.95,0.26,0.32,0.25,0.65,0.36,0.47
allure,4.12,1.14,7.61,1.9,10.15,2.31,4.83,2.51,8.63,1.98,10.28,1.72,5.17,0.89,3.58,1.5,7.23,1.45,5.5,1.29,9.31,1.87,4.94,1.95,5.49,1.85,8.54,2.25,7.8,3.19,6.86,2.87
Perception,8.15,1.25,9.2,2.13,8.54,2.24,7.09,2.64,8.71,1.97,10.15,1.72,11.63,2.09,8.96,2.41,8.86,2.02,13.54,2.77,8.58,2.03,7.54,2.04,9.75,2.8,8.3,2.32,10.22,4.02,9.28,2.85
attention,0.73,0.34,0.41,0.27,0.31,0.39,0.45,0.61,0.4,0.31,0.53,0.19,0.44,0.17,0.37,0.39,0.44,0.37,0.55,0.32,0.34,0.32,0.39,0.46,0.72,0.66,0.57,0.59,0.46,0.86,0.47,0.47
motion,1.05,0.41,1.8,0.78,1.67,0.95,1.02,0.92,1.82,0.73,2.32,0.6,2.31,0.6,1.33,0.84,1.49,0.7,2.58,0.78,1.54,0.7,1.16,0.74,1.76,1.05,1.53,0.73,1.89,1.48,1.68,0.95
space,5.46,0.95,5.74,1.46,5.6,1.89,5.14,2.08,5.26,1.43,6.61,1.25,7.06,1.26,6.34,1.89,5.57,1.48,7.94,1.61,5.43,1.53,5.65,1.76,5.84,1.87,4.95,1.89,6.84,3.34,5.96,1.96
visual,0.95,0.45,0.96,0.54,0.77,0.63,0.48,0.63,1.03,0.55,1.15,0.36,1.53,0.51,0.77,0.72,0.94,0.6,1.91,0.86,0.71,0.55,0.35,0.4,1.25,0.98,1.14,0.64,0.78,1.15,0.98,0.77
auditory,0.12,0.14,0.33,0.33,0.33,0.44,0.09,0.27,0.35,0.39,0.42,0.41,0.51,0.26,0.22,0.52,0.37,0.37,0.62,0.45,0.36,0.46,0.14,0.31,0.23,0.43,0.36,0.51,0.17,0.52,0.31,0.43
feeling,0.26,0.21,0.54,0.43,0.63,0.62,0.17,0.35,0.61,0.41,0.38,0.22,0.46,0.21,0.23,0.32,0.5,0.39,0.69,0.4,0.84,0.59,0.13,0.26,0.48,0.52,0.44,0.31,0.51,0.84,0.46,0.48
time,3.7,0.86,4.97,1.42,3.6,1.35,3.98,2.32,5.72,1.81,3.69,0.74,4.11,0.63,4.38,1.59,4.27,1.37,4.33,1.05,4.94,1.49,3.47,1.7,5.14,1.85,4.96,3.68,4.57,2.82,4.39,1.93
focuspast,4.85,1.37,4.41,1.96,4.09,1.68,2.7,1.9,2.78,1.13,3.82,1.11,7.7,1.44,4.76,2.29,4.59,1.87,7.3,2.88,3.54,1.65,2.82,1.61,6.96,4.01,2.79,1.47,7.82,4.09,4.73,2.85
focuspresent,2.15,0.81,5.06,1.6,7.43,1.67,4.04,1.67,5.64,1.55,7.31,1.38,2.44,0.93,2.98,1.49,5.41,1.57,2.74,2.08,7.08,1.68,4.05,1.77,4.3,3.41,5.35,1.79,3.74,2.78,4.67,2.51
focusfuture,0.84,0.36,1.77,0.86,2.07,1.18,2.09,1.47,2.13,0.88,2.1,0.55,1.14,0.4,0.93,0.74,1.12,0.63,0.93,0.59,2.39,1.26,1.52,1.08,1.43,1.15,1.53,0.69,0.91,1.22,1.53,1.06
Conversation,0.05,0.09,1.25,1.65,6.43,3.1,0.57,0.82,3.69,2.72,1.84,1.29,0.24,0.23,0.11,0.23,1.09,0.9,0.24,0.27,0.51,0.61,0.18,0.37,0.13,0.34,3.07,2.29,0.37,0.73,1.32,2.23
netspeak,0.02,0.06,0.89,1.46,2.09,2.69,0.5,0.73,3.15,2.61,0.61,0.62,0.06,0.14,0.09,0.2,0.71,0.71,0.07,0.13,0.15,0.27,0.11,0.33,0.04,0.19,2.48,2.08,0.18,0.51,0.74,1.56
assent,0.01,0.03,0.24,0.3,2.31,1.32,0.07,0.23,0.32,0.33,0.76,0.43,0.09,0.07,0.03,0.09,0.27,0.3,0.11,0.15,0.17,0.24,0.07,0.2,0.06,0.18,0.4,0.46,0.14,0.4,0.34,0.71
nonflu,0.02,0.05,0.16,0.22,1.29,0.97,0.01,0.14,0.28,0.31,0.5,0.57,0.1,0.11,0.01,0.04,0.13,0.19,0.07,0.11,0.17,0.27,0,0.03,0.03,0.13,0.2,0.32,0.03,0.19,0.2,0.47
filler,0,0,0.05,0.11,1.13,1.39,0,0.03,0.14,0.21,0.05,0.12,0,0.01,0,0.01,0.05,0.11,0,0.03,0.05,0.12,0,0,0,0.04,0.13,0.18,0.05,0.22,0.11,0.47
AllPunc,12.62,2.5,22.72,10.16,20.74,8.6,25.4,17.49,39.2,45,38.44,8.4,23.03,4.98,15.67,3.96,15.67,5.78,19.23,5.21,14.62,4.93,14.24,11.1,13.05,5.1,19.07,10.97,15.39,5.48,20.61,16.3
Period,5.01,0.96,10.11,7.93,8.48,5.86,5.25,2.37,14.88,16.1,16.73,5.52,5.63,1.61,5.97,1.87,7.5,2.8,7.77,2.45,7.05,2.96,5.62,7.08,6.44,2.1,5.73,5.04,7.03,3.37,7.95,6.75
Comma,5.01,1.64,4.14,2.06,3.98,3.01,3.44,2.01,3.04,2.15,5.71,1.85,7.37,1.46,6.7,1.79,0,0,6.13,1.84,2.92,2.22,5.09,2.19,3.48,2.3,1.89,1.51,0,0,3.93,2.84
QMark,0.03,0.08,0.56,0.66,2.96,1.62,0.52,1.32,6.43,36.88,3.33,1.26,0.6,0.4,0.17,0.51,0.79,2.39,0.63,0.57,0.35,0.63,0.15,0.32,0.18,0.42,1.16,0.96,0.15,1.07,1.2,9.72
Exclam,0.01,0.04,1.06,1.75,0.81,1.95,0.21,0.74,7.53,8.85,1.85,1.69,0.49,0.43,0.03,0.11,0.49,0.66,0.22,0.36,0.27,0.64,0,0.03,0.22,0.69,3.22,4.63,1.02,1.82,1.16,3.35
Apostro,0.63,0.37,2.77,1.85,3.52,2.42,0.67,0.98,2.11,1.29,6.07,1.85,2.19,1.83,0,0.04,3.11,1.38,1.98,1.59,2.89,1.77,0.66,0.68,0.99,1.04,1.45,1.91,1.7,1.68,2.05,2.11
OtherP,1.93,1.51,4.09,4.16,0.98,1.68,15.31,16.69,5.22,4.17,4.74,3.73,6.74,2.65,2.8,2.24,3.77,2.81,2.51,2.68,1.12,1.24,2.7,3.83,1.75,1.77,5.63,7.1,5.49,3.03,4.33,6.41
